-- --------------------------------------------------------
-- Host:                         127.0.0.1
-- Versión del servidor:         5.6.11 - MySQL Community Server (GPL)
-- SO del servidor:              Win64
-- HeidiSQL Versión:             8.3.0.4694
-- --------------------------------------------------------

/*!40101 SET @OLD_CHARACTER_SET_CLIENT=@@CHARACTER_SET_CLIENT */;
/*!40101 SET NAMES utf8 */;
/*!40014 SET @OLD_FOREIGN_KEY_CHECKS=@@FOREIGN_KEY_CHECKS, FOREIGN_KEY_CHECKS=0 */;
/*!40101 SET @OLD_SQL_MODE=@@SQL_MODE, SQL_MODE='NO_AUTO_VALUE_ON_ZERO' */;

-- Volcando estructura de base de datos para venpro
DROP DATABASE IF EXISTS `venpro`;
CREATE DATABASE IF NOT EXISTS `venpro` /*!40100 DEFAULT CHARACTER SET utf8 COLLATE utf8_spanish_ci */;
USE `venpro`;


-- Volcando estructura para tabla venpro.columnasimport
DROP TABLE IF EXISTS `columnasimport`;
CREATE TABLE IF NOT EXISTS `columnasimport` (
  `codcolumna` int(11) NOT NULL AUTO_INCREMENT,
  `nomcolumna` varchar(250) COLLATE utf8_spanish_ci NOT NULL,
  `nomcolumnaxml` varchar(250) COLLATE utf8_spanish_ci NOT NULL,
  `tipocolumna` varchar(50) COLLATE utf8_spanish_ci DEFAULT NULL,
  `size` double DEFAULT NULL,
  `formato` varchar(50) COLLATE utf8_spanish_ci DEFAULT NULL,
  PRIMARY KEY (`codcolumna`),
  UNIQUE KEY `nomcolumna` (`nomcolumna`)
) ENGINE=InnoDB AUTO_INCREMENT=323 DEFAULT CHARSET=utf8 COLLATE=utf8_spanish_ci;

-- Volcando datos para la tabla venpro.columnasimport: ~259 rows (aproximadamente)
/*!40000 ALTER TABLE `columnasimport` DISABLE KEYS */;
INSERT INTO `columnasimport` (`codcolumna`, `nomcolumna`, `nomcolumnaxml`, `tipocolumna`, `size`, `formato`) VALUES
	(1, 'Tr_PLU', 'Tr_PLU', 'Int', 0, NULL),
	(2, 'CodigoPLU', 'CodigoPLU', 'VarChar', 50, NULL),
	(3, 'AnularItem', 'AnularItem', 'Int', 0, NULL),
	(4, 'AnularUltimo', 'AnularUltimo', 'Int', 0, NULL),
	(5, 'PriceOverride', 'PriceOverride', 'Int', 0, NULL),
	(6, 'ManualPrice', 'ManualPrice', 'Int', 0, NULL),
	(7, 'Pesable', 'Pesable', 'Int', 0, NULL),
	(8, 'Cant_es_Peso', 'Cant_es_Peso', 'Int', 0, NULL),
	(9, 'Linked_Envase', 'Linked_Envase', 'Int', 0, NULL),
	(10, 'Escaneado', 'Escaneado', 'Int', 0, NULL),
	(11, 'BottleDeposit', 'BottleDeposit', 'Int', 0, NULL),
	(12, 'BottleRefund', 'BottleRefund', 'Int', 0, NULL),
	(13, 'NumDepartamento', 'NumDepartamento', 'Int', 0, NULL),
	(14, 'Cantidad', 'Cantidad', 'Int', 0, NULL),
	(15, 'Precio', 'Precio', 'Int', 0, NULL),
	(16, 'Monto_Recibido', 'Monto_Recibido', 'Int', 0, NULL),
	(17, 'TxFlg1', 'TxFlg1', 'Int', 0, NULL),
	(18, 'TxFlg2', 'TxFlg2', 'Int', 0, NULL),
	(19, 'TxFlg3', 'TxFlg3', 'Int', 0, NULL),
	(20, 'TxFlg4', 'TxFlg4', 'Int', 0, NULL),
	(21, 'TxFlg5', 'TxFlg5', 'Int', 0, NULL),
	(22, 'TxFlg6', 'TxFlg6', 'Int', 0, NULL),
	(23, 'TxFlg7', 'TxFlg7', 'Int', 0, NULL),
	(24, 'TxFlg8', 'TxFlg8', 'Int', 0, NULL),
	(25, 'Tail_NumTicketSL', 'Tail_NumTicketSL', 'Int', 0, NULL),
	(26, 'Tail_Fecha', 'Tail_Fecha', 'Date', 0, 'yyyy-MM-dd'),
	(27, 'Tail_Hora', 'Tail_Hora', 'Time', 0, 'HH:mm:ss'),
	(28, 'Tail_Devolucion', 'Tail_Devolucion', 'Int', 0, NULL),
	(29, 'Tail_Training', 'Tail_Training', 'Int', 0, NULL),
	(30, 'Tail_Offline', 'Tail_Offline', 'Int', 0, NULL),
	(31, 'Tail_TicketCancelado', 'Tail_TicketCancelado', 'Int', 0, NULL),
	(32, 'Tail_BadRec', 'Tail_BadRec', 'Int', 0, NULL),
	(33, 'Sequence_ID', 'Sequence_ID', 'Int', 0, NULL),
	(34, 'Tail_NumCajero', 'Tail_NumCajero', 'Int', 0, NULL),
	(35, 'Tail_NumPOS', 'Tail_NumPOS', 'Int', 0, NULL),
	(36, 'StoreNumber', 'StoreNumber', 'Int', 0, NULL),
	(37, 'Tr_Frame', 'Tr_Frame', 'Int', 0, NULL),
	(38, 'StartofTicket', 'StartofTicket', 'Int', 0, NULL),
	(39, 'TenderPurchase', 'TenderPurchase', 'Int', 0, NULL),
	(40, 'PostVoid', 'PostVoid', 'Int', 0, NULL),
	(41, 'TicketNumber', 'TicketNumber', 'Int', 0, NULL),
	(43, 'VoidTicketNumber', 'VoidTicketNumber', 'Int', 0, NULL),
	(44, 'NoSale', 'NoSale', 'Int', 0, NULL),
	(57, 'Tr_Descuento', 'Tr_Descuento', 'Int', 0, NULL),
	(60, 'PromoSPF', 'PromoSPF', 'Int', 0, NULL),
	(61, 'DescuentoOrden', 'DescuentoOrden', 'Int', 0, NULL),
	(62, 'DescuentoItem', 'DescuentoItem', 'Int', 0, NULL),
	(63, 'NumDescuento', 'NumDescuento', 'Int', 0, NULL),
	(64, 'MontoDescuento', 'MontoDescuento', 'Int', 0, NULL),
	(72, 'Tr_Media', 'Tr_Media', 'Int', 0, NULL),
	(73, 'NumTender', 'NumTender', 'Int', 0, NULL),
	(74, '_Change', 'Change', 'Int', 0, NULL),
	(75, 'TenderSubtract', 'TenderSubtract', 'Int', 0, NULL),
	(76, 'TenderCancel', 'TenderCancel', 'Int', 0, NULL),
	(77, 'TenderType', 'TenderType', 'Int', 0, NULL),
	(78, 'MontoTender', 'MontoTender', 'Int', 0, NULL),
	(79, 'NumTarjeta', 'NumTarjeta', 'Int', 0, NULL),
	(80, 'CCEscaneado', 'CCEscaneado', 'Int', 0, NULL),
	(82, 'Info', 'Info', 'Int', 0, NULL),
	(83, 'TndNumber', 'TndNumber', 'Int', 0, NULL),
	(84, 'BankNbr', 'BankNbr', 'Int', 0, NULL),
	(85, 'CheckNbr', 'CheckNbr', 'Int', 0, NULL),
	(87, 'Tr_ExtMedia2', 'Tr_ExtMedia2', 'Int', 0, NULL),
	(88, '_CMRDep_VISARefNum', 'CMRDep-VISARefNum', 'VarChar', 250, NULL),
	(89, 'ExpDateCMR', 'ExpDateCMR', 'Int', 0, NULL),
	(90, 'SeqNum', 'SeqNum', 'Int', 0, NULL),
	(91, 'CardType', 'CardType', 'Int', 0, NULL),
	(92, 'Tr_ExtMedia3', 'Tr_ExtMedia3', 'Int', 0, NULL),
	(93, 'EBT_Case_no', 'EBT_Case_no', 'VarChar', 250, NULL),
	(94, 'Tr_ExtMedia4', 'Tr_ExtMedia4', 'Int', 0, NULL),
	(95, 'VISATRID', 'VISATRID', 'VarChar', 250, NULL),
	(96, 'EFTCardTypeID', 'EFTCardTypeID', 'VarChar', 250, NULL),
	(97, 'EFTCardTypeDescription', 'EFTCardTypeDescription', 'VarChar', 250, NULL),
	(98, 'EFTTraceNo', 'EFTTraceNo', 'VarChar', 250, NULL),
	(99, 'Tr_ExtMedia5', 'Tr_ExtMedia5', 'Int', 0, NULL),
	(100, 'ID_RUT', 'ID_RUT', 'VarChar', 50, NULL),
	(101, 'Cuotas', 'Cuotas', 'Int', 0, NULL),
	(102, 'CodIVR', 'CodIVR', 'VarChar', 50, NULL),
	(103, 'Diferido', 'Diferido', 'Int', 0, NULL),
	(104, 'CMROffline', 'CMROffline', 'Int', 0, NULL),
	(105, 'EstatusRespuesta', 'EstatusRespuesta', 'Int', 0, NULL),
	(106, 'Tr_Info2', 'Tr_Info2', 'Int', 0, NULL),
	(107, 'Info2_Fiscal', 'Info2_Fiscal', 'Int', 0, NULL),
	(108, 'RUTCajero', 'RUTCajero', 'Int', 0, NULL),
	(109, 'NumTicketFiscal', 'NumTicketFiscal', 'Int', 0, NULL),
	(110, 'Tr_Hook', 'Tr_Hook', 'Int', 0, NULL),
	(111, 'Item_Taxes', 'Item_Taxes', 'Int', 0, NULL),
	(112, 'PLU_Item_Code', 'PLU_Item_Code', 'VarChar', 100, NULL),
	(113, 'MontoIgv', 'MontoIgv', 'Int', 0, NULL),
	(114, 'MontoIsc', 'MontoIsc', 'Int', 0, NULL),
	(115, 'MontoSrv', 'MontoSrv', 'Int', 0, NULL),
	(116, 'TasaIgv', 'TasaIgv', 'Int', 0, NULL),
	(117, 'TasaIsc', 'TasaIsc', 'Int', 0, NULL),
	(118, 'TasaSrv', 'TasaSrv', 'Int', 0, NULL),
	(119, 'PLUSeqNo', 'PLUSeqNo', 'Int', 0, NULL),
	(122, 'Tender_Time', 'Tender_Time', 'Int', 0, NULL),
	(123, 'Tender_No', 'Tender_No', 'Int', 0, NULL),
	(124, 'Start_Time', 'Start_Time', 'Int', 0, NULL),
	(125, 'End_Time', 'End_Time', 'Int', 0, NULL),
	(127, 'BoletaEN', 'BoletaEN', 'Int', 0, NULL),
	(128, 'Tipo_Boleta_EN', 'Tipo_Boleta_EN', 'Int', 0, NULL),
	(129, 'Boleta_EN', 'Boleta_EN', 'VarChar', 30, NULL),
	(130, 'Tr_Info3', 'Tr_Info3', 'Int', 0, NULL),
	(131, 'DescuentoItemTicketElec', 'DescuentoItemTicketElec', 'Int', 0, NULL),
	(134, 'PrcItemSinIgv', 'PrcItemSinIgv', 'Int', 0, NULL),
	(135, 'MontoItem', 'MontoItem', 'Int', 0, NULL),
	(136, 'DescuentoMonto', 'DescuentoMonto', 'Int', 0, NULL),
	(138, 'DescuentoTotalTicketElec', 'DescuentoTotalTicketElec', 'Int', 0, NULL),
	(139, 'ValorDR_D', 'ValorDR_D', 'Int', 0, NULL),
	(140, 'ValorDR_L', 'ValorDR_L', 'Int', 0, NULL),
	(141, 'ValorDR_R', 'ValorDR_R', 'Int', 0, NULL),
	(142, 'DocData', 'DocData', 'Int', 0, NULL),
	(143, 'DocNumber', 'DocNumber', 'VarChar', 50, NULL),
	(144, 'DocType', 'DocType', 'Int', 0, NULL),
	(145, 'VoidedMember', 'VoidedMember', 'Int', 0, NULL),
	(146, 'CMRType', 'CMRType', 'Int', 0, NULL),
	(147, 'EmployeeIDInfo', 'EmployeeIDInfo', 'Int', 0, NULL),
	(148, 'CashierID', 'CashierID', 'Int', 0, NULL),
	(149, 'CashierName', 'CashierName', 'VarChar', 100, NULL),
	(150, 'FacturaInfo', 'FacturaInfo', 'Int', 0, NULL),
	(151, 'NumeroRUC', 'NumeroRUC', 'VarChar', 15, NULL),
	(152, 'TaxAmt1', 'TaxAmt1', 'VarChar', 50, NULL),
	(153, 'TaxAmt2', 'TaxAmt2', 'VarChar', 50, NULL),
	(154, 'TaxAmt3', 'TaxAmt3', 'VarChar', 50, NULL),
	(155, 'TotalTaxAmt', 'TotalTaxAmt', 'VarChar', 50, NULL),
	(156, 'FacturaEN', 'FacturaEN', 'Int', 0, NULL),
	(157, 'Tipo_Factura_EN', 'Tipo_Factura_EN', 'Int', 0, NULL),
	(158, 'Factura_EN', 'Factura_EN', 'VarChar', 50, NULL),
	(160, 'PanguiCouponInfo', 'PanguiCouponInfo', 'Int', 0, NULL),
	(161, 'CouponFlag', 'CouponFlag', 'Int', 0, NULL),
	(162, 'TotalCouponCount', 'TotalCouponCount', 'Int', 0, NULL),
	(163, 'SalesPersonIDInfo', 'SalesPersonIDInfo', 'Int', 0, NULL),
	(164, 'SalesPersonID', 'SalesPersonID', 'Int', 0, NULL),
	(165, 'InfoSPF', 'InfoSPF', 'Int', 0, NULL),
	(169, 'MontoDesc', 'MontoDesc', 'Int', 0, NULL),
	(170, 'CodPromo', 'CodPromo', 'Int', 0, NULL),
	(171, 'CondBeneficio', 'CondBeneficio', 'VarChar', 2, NULL),
	(172, 'MontoPromo', 'MontoPromo', 'Int', 0, NULL),
	(173, 'SPF_ID', 'SPF_ID', 'Int', 0, NULL),
	(174, 'NumSubDepartamento', 'NumSubDepartamento', 'Int', 0, NULL),
	(175, 'StoreInfo1', 'StoreInfo1', 'Int', 0, NULL),
	(176, 'RUT_Tienda', 'RUT_Tienda', 'Int', 0, NULL),
	(177, 'StoreInfo2', 'StoreInfo2', 'Int', 0, NULL),
	(178, 'Direccion', 'Direccion', 'VarChar', 100, NULL),
	(179, 'TravelVoucherInfo', 'TravelVoucherInfo', 'Int', 0, NULL),
	(180, 'UPC', 'UPC', 'VarChar', 50, NULL),
	(181, 'Monto', 'Monto', 'Int', 0, NULL),
	(182, '_No_Referencia', 'No.Referencia', 'VarChar', 50, NULL),
	(183, 'RUCInfo', 'RUCInfo', 'Int', 0, NULL),
	(184, 'RUCInfo2', 'RUCInfo2', 'Int', 0, NULL),
	(185, 'RUC_Offline', 'RUC_Offline', 'Int', 0, NULL),
	(186, '_Info_Q_Length', 'Info_Q-Length', 'Int', 0, NULL),
	(187, '_Q_Length', 'Q-Length', 'Int', 0, NULL),
	(188, 'Tr_Recarga_1', 'Tr_Recarga_1', 'Int', 0, NULL),
	(189, 'No_Telefono', 'No_Telefono', 'Int', 0, NULL),
	(190, 'No_Convenio', 'No_Convenio', 'Int', 0, NULL),
	(191, 'Tr_Info', 'Tr_Info', 'Int', 0, NULL),
	(192, 'Tr_Recarga_2', 'Tr_Recarga_2', 'Int', 0, NULL),
	(193, 'Fecha_Hora', 'Fecha_Hora', 'VarChar', 50, NULL),
	(194, 'No_Autorizacion', 'No_Autorizacion', 'Int', 0, NULL),
	(195, 'Tr_SavedTr', 'Tr_SavedTr', 'Int', 0, NULL),
	(196, 'Saved_Tkt', 'Saved_Tkt', 'Int', 0, NULL),
	(197, 'Saved_Tkt_Amt', 'Saved_Tkt_Amt', 'Int', 0, NULL),
	(198, 'Log_SignOff', 'Log_SignOff', 'Int', 0, NULL),
	(199, 'Tr_Log', 'Tr_Log', 'Int', 0, NULL),
	(200, 'Log_SignOn', 'Log_SignOn', 'Int', 0, NULL),
	(201, 'ClaveCajero', 'ClaveCajero', 'Int', 0, NULL),
	(202, 'Info_Supervisor', 'Info_Supervisor', 'Int', 0, NULL),
	(203, 'NumSupervisor', 'NumSupervisor', 'Int', 0, NULL),
	(204, 'Tr_Tax', 'Tr_Tax', 'Int', 0, NULL),
	(205, 'NumTax', 'NumTax', 'Int', 0, NULL),
	(206, 'MontoTaxable', 'MontoTaxable', 'Int', 0, NULL),
	(207, 'MontoTax', 'MontoTax', 'Int', 0, NULL),
	(208, 'Tr_Total', 'Tr_Total', 'Int', 0, NULL),
	(209, 'MontoTicket', 'MontoTicket', 'Int', 0, NULL),
	(210, 'NumItems', 'NumItems', 'Int', 0, NULL),
	(212, 'Recalled_Tkt', 'Recalled_Tkt', 'Int', 0, NULL),
	(213, 'GT', 'GT', 'Int', 0, NULL),
	(214, 'ReporteZ', 'ReporteZ', 'Int', 0, NULL),
	(215, 'ZTenders', 'ZTenders', 'Int', 0, NULL),
	(216, 'TenderID1', 'TenderID1', 'Int', 0, NULL),
	(217, 'Tender1Total', 'Tender1Total', 'Int', 0, NULL),
	(218, 'TenderID2', 'TenderID2', 'Int', 0, NULL),
	(219, 'Tender2Total', 'Tender2Total', 'Int', 0, NULL),
	(220, 'TenderID3', 'TenderID3', 'Int', 0, NULL),
	(221, 'Tender3Total', 'Tender3Total', 'Int', 0, NULL),
	(222, 'TenderID4', 'TenderID4', 'Int', 0, NULL),
	(223, 'Tender4Total', 'Tender4Total', 'Int', 0, NULL),
	(224, 'TenderID5', 'TenderID5', 'Int', 0, NULL),
	(225, 'Tender5Total', 'Tender5Total', 'Int', 0, NULL),
	(226, 'TenderID6', 'TenderID6', 'Int', 0, NULL),
	(227, 'Tender6Total', 'Tender6Total', 'Int', 0, NULL),
	(228, 'ZSales1', 'ZSales1', 'Int', 0, NULL),
	(229, 'Ingresos', 'Ingresos', 'Int', 0, NULL),
	(230, 'egresos', 'egresos', 'Int', 0, NULL),
	(231, 'pago_cmr', 'pago_cmr', 'Int', 0, NULL),
	(232, 'pago_supercash', 'pago_supercash', 'Int', 0, NULL),
	(233, 'trans_abortada', 'trans_abortada', 'Int', 0, NULL),
	(234, 'trans_anulada', 'trans_anulada', 'Int', 0, NULL),
	(235, 'recaudacion_bruta', 'recaudacion_bruta', 'Int', 0, NULL),
	(236, 'recaudacion_neta', 'recaudacion_neta', 'Int', 0, NULL),
	(237, 'pickups', 'pickups', 'Int', 0, NULL),
	(238, 'loans', 'loans', 'Int', 0, NULL),
	(239, 'ZSales2', 'ZSales2', 'Int', 0, NULL),
	(240, 'RUC_tickets', 'RUC_tickets', 'Int', 0, NULL),
	(241, 'NSRT_Total', 'NSRT_Total', 'Int', 0, NULL),
	(242, 'Gross_Sales', 'Gross_Sales', 'Int', 0, NULL),
	(243, 'Canje_CMRPuntos', 'Canje_CMRPuntos', 'Int', 0, NULL),
	(244, '_Rev_Canj_CMRPuntos', 'Rev.Canj_CMRPuntos', 'Int', 0, NULL),
	(245, 'CMRPuntos', 'CMRPuntos', 'Int', 0, NULL),
	(246, 'CMRPuntosSoles', 'CMRPuntosSoles', 'Int', 0, NULL),
	(247, 'Log_Enter_Secure', 'Log_Enter_Secure', 'Int', 0, NULL),
	(248, 'Log_Exit_Secure', 'Log_Exit_Secure', 'Int', 0, NULL),
	(249, 'Tr_Retiro', 'Tr_Retiro', 'Int', 0, NULL),
	(250, 'MontoRetiro', 'MontoRetiro', 'Int', 0, NULL),
	(251, 'TenderRetiro', 'TenderRetiro', 'Int', 0, NULL),
	(252, 'Tr_Alerta', 'Tr_Alerta', 'Int', 0, NULL),
	(253, 'VersionPOS', 'VersionPOS', 'Int', 0, NULL),
	(254, 'Version', 'Version', 'VarChar', 50, NULL),
	(255, 'Tr_DeliveryF12', 'Tr_DeliveryF12', 'Int', 0, NULL),
	(256, 'PLU_Price', 'PLU_Price', 'Int', 0, NULL),
	(257, 'PLU_Qty', 'PLU_Qty', 'Int', 0, NULL),
	(258, 'Delivery_Code', 'Delivery_Code', 'Int', 0, NULL),
	(259, 'Delivery_Type', 'Delivery_Type', 'Int', 0, NULL),
	(260, 'Item_Cancelado', 'Item_Cancelado', 'Int', 0, NULL),
	(261, 'ValeConsumo', 'ValeConsumo', 'Int', 0, NULL),
	(262, 'NumeroVale', 'NumeroVale', 'VarChar', 50, NULL),
	(263, 'PrecioVale', 'PrecioVale', 'Int', 0, NULL),
	(264, 'AnularVale', 'AnularVale', 'Int', 0, NULL),
	(265, 'ValeMediodePago', 'ValeMediodePago', 'Int', 0, NULL),
	(266, 'VDC_Offline', 'VDC_Offline', 'Int', 0, NULL),
	(267, 'CreditVoucherInfo', 'CreditVoucherInfo', 'Int', 0, NULL),
	(268, 'SerieNo', 'SerieNo', 'Int', 0, NULL),
	(269, 'NotaNo', 'NotaNo', 'Int', 0, NULL),
	(270, 'CreditAmt', 'CreditAmt', 'Int', 0, NULL),
	(271, 'CreditDiff', 'CreditDiff', 'Int', 0, NULL),
	(272, 'NDC_Offline', 'NDC_Offline', 'Int', 0, NULL),
	(273, 'ReporteX', 'ReporteX', 'Int', 0, NULL),
	(275, 'FoodVoucherInfo', 'FoodVoucherInfo', 'Int', 0, NULL),
	(276, 'VoucherTenderNum', 'VoucherTenderNum', 'Int', 0, NULL),
	(277, 'TenderAmt', 'TenderAmt', 'VarChar', 50, NULL),
	(278, 'Qty', 'Qty', 'Int', 0, NULL),
	(279, 'ExpDate', 'ExpDate', 'VarChar', 50, NULL),
	(280, 'Log_Recover', 'Log_Recover', 'Int', 0, NULL),
	(281, 'Tr_ExtMedia6', 'Tr_ExtMedia6', 'Int', 0, NULL),
	(282, 'CMR_Auth_Code', 'CMR_Auth_Code', 'Int', 0, NULL),
	(283, 'CMRPoints', 'CMRPoints', 'Int', 0, NULL),
	(284, 'CMR_Points_Item', 'CMR_Points_Item', 'VarChar', 50, NULL),
	(285, 'CMR_Price', 'CMR_Price', 'Int', 0, NULL),
	(286, 'Disc_CMR', 'Disc_CMR', 'Int', 0, NULL),
	(287, 'Points_Used', 'Points_Used', 'Int', 0, NULL),
	(288, 'Money_Used', 'Money_Used', 'Int', 0, NULL),
	(289, 'Points_Available', 'Points_Available', 'Int', 0, NULL),
	(290, 'CMR_SalesmanID', 'CMR_SalesmanID', 'Int', 0, NULL),
	(291, 'Store_Number', 'Store_Number', 'Int', 0, NULL),
	(292, 'Num_Tienda', 'Num_Tienda', 'Int', 0, NULL),
	(293, 'Info_Override', 'Info_Override', 'Int', 0, NULL),
	(294, 'PrecioOriginal', 'PrecioOriginal', 'Int', 0, NULL),
	(295, 'PrecioReducido', 'PrecioReducido', 'Int', 0, NULL),
	(296, 'TailSeqHighByte', 'TailSeqHighByte', 'Int', 0, NULL),
	(297, 'Trans_Info2', 'Trans_Info2', 'Int', 0, NULL),
	(298, 'Trans_Info2_measuring_bb_time', 'Trans_Info2_measuring_bb_time', 'Int', 0, NULL),
	(299, 'RequestType', 'RequestType', 'Int', 0, NULL),
	(300, 'SendingTime', 'SendingTime', 'Int', 0, NULL),
	(301, 'ReceiveTime', 'ReceiveTime', 'Int', 0, NULL),
	(302, 'ReturnCode', 'ReturnCode', 'Int', 0, NULL),
	(303, 'WarrantyIDInfo', 'WarrantyIDInfo', 'Int', 0, NULL),
	(304, 'SvcPlanNum', 'SvcPlanNum', 'VarChar', 20, NULL),
	(305, 'RepairReplace', 'RepairReplace', 'Int', 0, NULL),
	(306, 'SvcLength', 'SvcLength', 'Int', 0, NULL),
	(307, 'CustomerIDType', 'CustomerIDType', 'Int', 0, NULL),
	(308, 'CustomerID', 'CustomerID', 'Int', 0, NULL),
	(309, 'ItemUPC', 'ItemUPC', 'VarChar', 20, NULL),
	(310, 'WarrantyUPC', 'WarrantyUPC', 'VarChar', 20, NULL),
	(311, 'WarrantyCancelada', 'WarrantyCancelada', 'Int', 0, NULL),
	(312, 'GEX_Offline', 'GEX_Offline', 'Int', 0, NULL),
	(313, 'DocName', 'DocName', 'Int', 0, NULL),
	(314, 'ClientePangui', 'ClientePangui', 'Int', 0, NULL),
	(315, 'Trans_Info3', 'Trans_Info3', 'Int', 0, NULL),
	(316, 'Trans_Info3_cashier_Function', 'Trans_Info3_cashier_Function', 'Int', 0, NULL),
	(317, 'FunctionType', 'FunctionType', 'Int', 0, NULL),
	(318, 'Tr_ExtMedia8', 'Tr_ExtMedia8', 'Int', 0, NULL),
	(319, 'PhoneRecharge', 'PhoneRecharge', 'Int', 0, NULL),
	(320, 'CMRPuntosAmount', 'CMRPuntosAmount', 'Int', 0, NULL),
	(321, 'CMRPuntosEANCode', 'CMRPuntosEANCode', 'VarChar', 20, NULL),
	(322, 'Tr_ExtMedia9', 'Tr_ExtMedia9', 'Int', 0, NULL);
/*!40000 ALTER TABLE `columnasimport` ENABLE KEYS */;


-- Volcando estructura para tabla venpro.conexionbd
DROP TABLE IF EXISTS `conexionbd`;
CREATE TABLE IF NOT EXISTS `conexionbd` (
  `codconexionbd` int(11) NOT NULL AUTO_INCREMENT,
  `codtipoconexion` int(11) NOT NULL,
  `nomconexion` varchar(100) COLLATE utf8_spanish_ci NOT NULL,
  `conexion` text COLLATE utf8_spanish_ci NOT NULL,
  PRIMARY KEY (`codconexionbd`),
  UNIQUE KEY `nomconexion` (`nomconexion`),
  KEY `FK_conexionbd_tipoconexion` (`codtipoconexion`),
  CONSTRAINT `FK_conexionbd_tipoconexion` FOREIGN KEY (`codtipoconexion`) REFERENCES `tipoconexion` (`codtipoconexion`)
) ENGINE=InnoDB AUTO_INCREMENT=6 DEFAULT CHARSET=utf8 COLLATE=utf8_spanish_ci;

-- Volcando datos para la tabla venpro.conexionbd: ~5 rows (aproximadamente)
/*!40000 ALTER TABLE `conexionbd` DISABLE KEYS */;
INSERT INTO `conexionbd` (`codconexionbd`, `codtipoconexion`, `nomconexion`, `conexion`) VALUES
	(1, 2, 'PRUEBA SQL', 'Data Source=PCV;Initial Catalog=test;Integrated Security=True;'),
	(2, 1, 'MYSQL VENTASPRO', 'Server=PCV;Database=ventaspro;User id=root;Password=admin;Allow User Variables=True;persist security info=true;default command timeout=30000;'),
	(3, 3, 'PRUEBA ACCESS', 'Provider=Microsoft.ACE.OLEDB.12.0;Data Source=E:\\RPE\\RPE\\bin\\Debug\\BD\\access.accdb; Persist Security Info=False;'),
	(4, 3, 'PRUEBA ACCESS 2003', 'Provider=Microsoft.ACE.OLEDB.12.0;Data Source=E:\\RPE\\RPE\\bin\\Debug\\BD\\access.mdb; Persist Security Info=False;'),
	(5, 1, 'MYSQL REPORT', 'Server=localhost;Database=reports; User id=root;Password=admin; Allow User Variables=True; persist security info=true; default command timeout=30000;');
/*!40000 ALTER TABLE `conexionbd` ENABLE KEYS */;


-- Volcando estructura para tabla venpro.tablaimport
DROP TABLE IF EXISTS `tablaimport`;
CREATE TABLE IF NOT EXISTS `tablaimport` (
  `codtabla` int(11) NOT NULL AUTO_INCREMENT,
  `nomtabla` varchar(250) COLLATE utf8_spanish_ci NOT NULL,
  `nomtablaxml` varchar(250) COLLATE utf8_spanish_ci NOT NULL,
  `col_posicion_update` int(11) DEFAULT NULL,
  `col_posicion_update1` int(11) DEFAULT NULL,
  `col_posicion_update2` int(11) DEFAULT NULL,
  `col_posicion_update3` int(11) DEFAULT NULL,
  `col_posicion_update4` int(11) DEFAULT NULL,
  `col_posicion_update5` int(11) DEFAULT NULL,
  `col_posicion_update6` int(11) DEFAULT NULL,
  `col_posicion_update7` int(11) DEFAULT NULL,
  `modoactualizacion` varchar(50) COLLATE utf8_spanish_ci DEFAULT NULL,
  `estadoactivo` bit(1) NOT NULL,
  PRIMARY KEY (`codtabla`),
  UNIQUE KEY `nomtabla` (`nomtabla`),
  UNIQUE KEY `nomtablaxml` (`nomtablaxml`)
) ENGINE=InnoDB AUTO_INCREMENT=59 DEFAULT CHARSET=utf8 COLLATE=utf8_spanish_ci;

-- Volcando datos para la tabla venpro.tablaimport: ~53 rows (aproximadamente)
/*!40000 ALTER TABLE `tablaimport` DISABLE KEYS */;
INSERT INTO `tablaimport` (`codtabla`, `nomtabla`, `nomtablaxml`, `col_posicion_update`, `col_posicion_update1`, `col_posicion_update2`, `col_posicion_update3`, `col_posicion_update4`, `col_posicion_update5`, `col_posicion_update6`, `col_posicion_update7`, `modoactualizacion`, `estadoactivo`) VALUES
	(1, 'plu', 'plu', NULL, NULL, NULL, NULL, NULL, NULL, NULL, NULL, 'ELIMINARINSERTAR', b'1'),
	(2, 'frame', 'frame', NULL, NULL, NULL, NULL, NULL, NULL, NULL, NULL, 'ELIMINARINSERTAR', b'1'),
	(3, 'discount', 'discount', NULL, NULL, NULL, NULL, NULL, NULL, NULL, NULL, 'ELIMINARINSERTAR', b'1'),
	(4, 'media', 'media', NULL, NULL, NULL, NULL, NULL, NULL, NULL, NULL, 'ELIMINARINSERTAR', b'1'),
	(5, 'extmedia1', 'extmedia1', NULL, NULL, NULL, NULL, NULL, NULL, NULL, NULL, 'ELIMINARINSERTAR', b'1'),
	(6, 'extmedia2', 'extmedia2', NULL, NULL, NULL, NULL, NULL, NULL, NULL, NULL, 'ELIMINARINSERTAR', b'1'),
	(7, 'extmedia3', 'extmedia3', NULL, NULL, NULL, NULL, NULL, NULL, NULL, NULL, 'ELIMINARINSERTAR', b'1'),
	(8, 'extmedia4', 'extmedia4', NULL, NULL, NULL, NULL, NULL, NULL, NULL, NULL, 'ELIMINARINSERTAR', b'1'),
	(9, 'extmedia5', 'extmedia5', NULL, NULL, NULL, NULL, NULL, NULL, NULL, NULL, 'ELIMINARINSERTAR', b'1'),
	(10, 'fiscalinfo', 'fiscalinfo', NULL, NULL, NULL, NULL, NULL, NULL, NULL, NULL, 'ELIMINARINSERTAR', b'1'),
	(11, 'hook_taxesitems', 'hook_taxesitems', NULL, NULL, NULL, NULL, NULL, NULL, NULL, NULL, 'ELIMINARINSERTAR', b'1'),
	(12, 'hook_tendertime', 'hook_tendertime', NULL, NULL, NULL, NULL, NULL, NULL, NULL, NULL, 'ELIMINARINSERTAR', b'1'),
	(13, 'infoboletaen', 'infoboletaen', NULL, NULL, NULL, NULL, NULL, NULL, NULL, NULL, 'ELIMINARINSERTAR', b'1'),
	(14, 'infodescuentoitemticketelec', 'infodescuentoitemticketelec', NULL, NULL, NULL, NULL, NULL, NULL, NULL, NULL, 'ELIMINARINSERTAR', b'1'),
	(15, 'infodescuentototalticketelec', 'infodescuentototalticketelec', NULL, NULL, NULL, NULL, NULL, NULL, NULL, NULL, 'ELIMINARINSERTAR', b'1'),
	(16, 'infodocdata', 'infodocdata', NULL, NULL, NULL, NULL, NULL, NULL, NULL, NULL, 'ELIMINARINSERTAR', b'1'),
	(17, 'infoemployeeid', 'infoemployeeid', NULL, NULL, NULL, NULL, NULL, NULL, NULL, NULL, 'ELIMINARINSERTAR', b'1'),
	(18, 'infofactura', 'infofactura', NULL, NULL, NULL, NULL, NULL, NULL, NULL, NULL, 'ELIMINARINSERTAR', b'1'),
	(19, 'infofacturaen', 'infofacturaen', NULL, NULL, NULL, NULL, NULL, NULL, NULL, NULL, 'ELIMINARINSERTAR', b'1'),
	(20, 'infopanguicoupon', 'infopanguicoupon', NULL, NULL, NULL, NULL, NULL, NULL, NULL, NULL, 'ELIMINARINSERTAR', b'1'),
	(21, 'infosalesperson', 'infosalesperson', NULL, NULL, NULL, NULL, NULL, NULL, NULL, NULL, 'ELIMINARINSERTAR', b'1'),
	(22, 'infospf', 'infospf', NULL, NULL, NULL, NULL, NULL, NULL, NULL, NULL, 'ELIMINARINSERTAR', b'1'),
	(23, 'infostoredata1', 'infostoredata1', NULL, NULL, NULL, NULL, NULL, NULL, NULL, NULL, 'ELIMINARINSERTAR', b'1'),
	(24, 'infostoredata2', 'infostoredata2', NULL, NULL, NULL, NULL, NULL, NULL, NULL, NULL, 'ELIMINARINSERTAR', b'1'),
	(25, 'infotravelvoucher', 'infotravelvoucher', NULL, NULL, NULL, NULL, NULL, NULL, NULL, NULL, 'ELIMINARINSERTAR', b'1'),
	(26, '_no_ruc', 'no.ruc', NULL, NULL, NULL, NULL, NULL, NULL, NULL, NULL, 'ELIMINARINSERTAR', b'1'),
	(27, '_no_ruc2', 'no.ruc2', NULL, NULL, NULL, NULL, NULL, NULL, NULL, NULL, 'ELIMINARINSERTAR', b'1'),
	(28, '_q_length', 'q-length', NULL, NULL, NULL, NULL, NULL, NULL, NULL, NULL, 'ELIMINARINSERTAR', b'1'),
	(29, 'recarga_1', 'recarga_1', NULL, NULL, NULL, NULL, NULL, NULL, NULL, NULL, 'ELIMINARINSERTAR', b'1'),
	(30, 'recarga_2', 'recarga_2', NULL, NULL, NULL, NULL, NULL, NULL, NULL, NULL, 'ELIMINARINSERTAR', b'1'),
	(31, 'saved_trans', 'saved_trans', NULL, NULL, NULL, NULL, NULL, NULL, NULL, NULL, 'ELIMINARINSERTAR', b'1'),
	(32, 'signoff', 'signoff', NULL, NULL, NULL, NULL, NULL, NULL, NULL, NULL, 'ELIMINARINSERTAR', b'1'),
	(33, 'signon', 'signon', NULL, NULL, NULL, NULL, NULL, NULL, NULL, NULL, 'ELIMINARINSERTAR', b'1'),
	(34, 'supervisor', 'supervisor', NULL, NULL, NULL, NULL, NULL, NULL, NULL, NULL, 'ELIMINARINSERTAR', b'1'),
	(35, 'tax', 'tax', NULL, NULL, NULL, NULL, NULL, NULL, NULL, NULL, 'ELIMINARINSERTAR', b'1'),
	(36, 'total', 'total', NULL, NULL, NULL, NULL, NULL, NULL, NULL, NULL, 'ELIMINARINSERTAR', b'1'),
	(37, 'totalesztenders', 'totalesztenders', NULL, NULL, NULL, NULL, NULL, NULL, NULL, NULL, 'ELIMINARINSERTAR', b'1'),
	(38, 'totaleszventas1', 'totaleszventas1', NULL, NULL, NULL, NULL, NULL, NULL, NULL, NULL, 'ELIMINARINSERTAR', b'1'),
	(39, 'totaleszventas2', 'totaleszventas2', NULL, NULL, NULL, NULL, NULL, NULL, NULL, NULL, 'ELIMINARINSERTAR', b'1'),
	(40, 'enter_secure', 'enter_secure', NULL, NULL, NULL, NULL, NULL, NULL, NULL, NULL, 'ELIMINARINSERTAR', b'1'),
	(41, 'exit_secure', 'exit_secure', NULL, NULL, NULL, NULL, NULL, NULL, NULL, NULL, 'ELIMINARINSERTAR', b'1'),
	(42, 'retiros', 'retiros', NULL, NULL, NULL, NULL, NULL, NULL, NULL, NULL, 'ELIMINARINSERTAR', b'1'),
	(43, 'alert_version', 'alert_version', NULL, NULL, NULL, NULL, NULL, NULL, NULL, NULL, 'ELIMINARINSERTAR', b'1'),
	(44, 'delivery_trans', 'delivery_trans', NULL, NULL, NULL, NULL, NULL, NULL, NULL, NULL, 'ELIMINARINSERTAR', b'1'),
	(45, 'infovaleconsumo', 'infovaleconsumo', NULL, NULL, NULL, NULL, NULL, NULL, NULL, NULL, 'ELIMINARINSERTAR', b'1'),
	(46, 'infocreditvoucher', 'infocreditvoucher', NULL, NULL, NULL, NULL, NULL, NULL, NULL, NULL, 'ELIMINARINSERTAR', b'1'),
	(47, 'reportex', 'reportex', NULL, NULL, NULL, NULL, NULL, NULL, NULL, NULL, 'ELIMINARINSERTAR', b'1'),
	(48, 'InfoFoodVoucher', 'InfoFoodVoucher', NULL, NULL, NULL, NULL, NULL, NULL, NULL, NULL, 'ELIMINARINSERTAR', b'1'),
	(49, 'RecoverTicket', 'RecoverTicket', NULL, NULL, NULL, NULL, NULL, NULL, NULL, NULL, 'ELIMINARINSERTAR', b'1'),
	(50, 'extmedia6', 'extmedia6', NULL, NULL, NULL, NULL, NULL, NULL, NULL, NULL, 'ELIMINARINSERTAR', b'1'),
	(51, 'infocmrpoints', 'infocmrpoints', NULL, NULL, NULL, NULL, NULL, NULL, NULL, NULL, 'ELIMINARINSERTAR', b'1'),
	(52, 'hook_storenumber', 'hook_storenumber', NULL, NULL, NULL, NULL, NULL, NULL, NULL, NULL, 'ELIMINARINSERTAR', b'1'),
	(53, 'priceoverride', 'priceoverride', NULL, NULL, NULL, NULL, NULL, NULL, NULL, NULL, 'ELIMINARINSERTAR', b'1'),
	(54, 'trans_info2_measuring_bb_time', 'trans_info2_measuring_bb_time', NULL, NULL, NULL, NULL, NULL, NULL, NULL, NULL, 'ELIMINARINSERTAR', b'1'),
	(55, 'infowarranty', 'infowarranty', NULL, NULL, NULL, NULL, NULL, NULL, NULL, NULL, 'ELIMINARINSERTAR', b'1'),
	(56, 'CashierFunction', 'CashierFunction', NULL, NULL, NULL, NULL, NULL, NULL, NULL, NULL, 'ELIMINARINSERTAR', b'1'),
	(57, 'extmedia8', 'extmedia8', NULL, NULL, NULL, NULL, NULL, NULL, NULL, NULL, 'ELIMINARINSERTAR', b'1'),
	(58, 'extmedia9', 'extmedia9', NULL, NULL, NULL, NULL, NULL, NULL, NULL, NULL, 'ELIMINARINSERTAR', b'1');
/*!40000 ALTER TABLE `tablaimport` ENABLE KEYS */;


-- Volcando estructura para tabla venpro.tablaimport_columnaimport
DROP TABLE IF EXISTS `tablaimport_columnaimport`;
CREATE TABLE IF NOT EXISTS `tablaimport_columnaimport` (
  `codtabla` int(11) NOT NULL,
  `codcolumna` int(11) NOT NULL,
  `posicion` int(11) NOT NULL,
  PRIMARY KEY (`codtabla`,`codcolumna`),
  KEY `FK_tablaimport_columnaimport_columnasimport` (`codcolumna`),
  CONSTRAINT `FK_tablaimport_columnaimport_columnasimport` FOREIGN KEY (`codcolumna`) REFERENCES `columnasimport` (`codcolumna`),
  CONSTRAINT `FK_tablaimport_columnaimport_tablaimport` FOREIGN KEY (`codtabla`) REFERENCES `tablaimport` (`codtabla`)
) ENGINE=InnoDB DEFAULT CHARSET=utf8 COLLATE=utf8_spanish_ci;

-- Volcando datos para la tabla venpro.tablaimport_columnaimport: ~1,083 rows (aproximadamente)
/*!40000 ALTER TABLE `tablaimport_columnaimport` DISABLE KEYS */;
INSERT INTO `tablaimport_columnaimport` (`codtabla`, `codcolumna`, `posicion`) VALUES
	(1, 1, 1),
	(1, 2, 2),
	(1, 3, 3),
	(1, 4, 4),
	(1, 5, 5),
	(1, 6, 6),
	(1, 7, 7),
	(1, 8, 8),
	(1, 9, 9),
	(1, 10, 10),
	(1, 11, 11),
	(1, 12, 12),
	(1, 13, 13),
	(1, 14, 14),
	(1, 15, 15),
	(1, 16, 16),
	(1, 17, 17),
	(1, 18, 18),
	(1, 19, 19),
	(1, 20, 20),
	(1, 21, 21),
	(1, 22, 22),
	(1, 23, 23),
	(1, 24, 24),
	(1, 25, 25),
	(1, 26, 26),
	(1, 27, 27),
	(1, 28, 28),
	(1, 29, 29),
	(1, 30, 30),
	(1, 31, 31),
	(1, 32, 32),
	(1, 33, 33),
	(1, 34, 34),
	(1, 35, 35),
	(1, 36, 36),
	(1, 296, 37),
	(2, 25, 8),
	(2, 26, 9),
	(2, 27, 10),
	(2, 28, 11),
	(2, 29, 12),
	(2, 30, 13),
	(2, 31, 14),
	(2, 32, 15),
	(2, 33, 16),
	(2, 34, 17),
	(2, 35, 18),
	(2, 36, 19),
	(2, 37, 1),
	(2, 38, 2),
	(2, 39, 3),
	(2, 40, 4),
	(2, 41, 5),
	(2, 43, 6),
	(2, 44, 7),
	(2, 296, 20),
	(3, 2, 2),
	(3, 13, 3),
	(3, 25, 9),
	(3, 26, 10),
	(3, 27, 11),
	(3, 28, 12),
	(3, 29, 13),
	(3, 30, 14),
	(3, 31, 15),
	(3, 32, 16),
	(3, 33, 17),
	(3, 34, 18),
	(3, 35, 19),
	(3, 36, 20),
	(3, 57, 1),
	(3, 60, 4),
	(3, 61, 5),
	(3, 62, 6),
	(3, 63, 7),
	(3, 64, 8),
	(3, 296, 21),
	(4, 25, 10),
	(4, 26, 11),
	(4, 27, 12),
	(4, 28, 13),
	(4, 29, 14),
	(4, 30, 15),
	(4, 31, 16),
	(4, 32, 17),
	(4, 33, 18),
	(4, 34, 19),
	(4, 35, 20),
	(4, 36, 21),
	(4, 72, 1),
	(4, 73, 2),
	(4, 74, 3),
	(4, 75, 4),
	(4, 76, 5),
	(4, 77, 6),
	(4, 78, 7),
	(4, 79, 8),
	(4, 80, 9),
	(4, 296, 22),
	(5, 25, 5),
	(5, 26, 6),
	(5, 27, 7),
	(5, 28, 8),
	(5, 29, 9),
	(5, 30, 10),
	(5, 31, 11),
	(5, 32, 12),
	(5, 33, 13),
	(5, 34, 14),
	(5, 35, 15),
	(5, 36, 16),
	(5, 82, 1),
	(5, 83, 2),
	(5, 84, 3),
	(5, 85, 4),
	(5, 296, 17),
	(6, 25, 6),
	(6, 26, 7),
	(6, 27, 8),
	(6, 28, 9),
	(6, 29, 10),
	(6, 30, 11),
	(6, 31, 12),
	(6, 32, 13),
	(6, 33, 14),
	(6, 34, 15),
	(6, 35, 16),
	(6, 36, 17),
	(6, 87, 1),
	(6, 88, 2),
	(6, 89, 3),
	(6, 90, 4),
	(6, 91, 5),
	(6, 296, 18),
	(7, 25, 3),
	(7, 26, 4),
	(7, 27, 5),
	(7, 28, 6),
	(7, 29, 7),
	(7, 30, 8),
	(7, 31, 9),
	(7, 32, 10),
	(7, 33, 11),
	(7, 34, 12),
	(7, 35, 13),
	(7, 36, 14),
	(7, 92, 1),
	(7, 93, 2),
	(7, 296, 15),
	(8, 25, 6),
	(8, 26, 7),
	(8, 27, 8),
	(8, 28, 9),
	(8, 29, 10),
	(8, 30, 11),
	(8, 31, 12),
	(8, 32, 13),
	(8, 33, 14),
	(8, 34, 15),
	(8, 35, 16),
	(8, 36, 17),
	(8, 94, 1),
	(8, 95, 2),
	(8, 96, 3),
	(8, 97, 4),
	(8, 98, 5),
	(8, 296, 18),
	(9, 25, 8),
	(9, 26, 9),
	(9, 27, 10),
	(9, 28, 11),
	(9, 29, 12),
	(9, 30, 13),
	(9, 31, 14),
	(9, 32, 15),
	(9, 33, 16),
	(9, 34, 17),
	(9, 35, 18),
	(9, 36, 19),
	(9, 99, 1),
	(9, 100, 2),
	(9, 101, 3),
	(9, 102, 4),
	(9, 103, 5),
	(9, 104, 6),
	(9, 105, 7),
	(9, 296, 20),
	(10, 25, 5),
	(10, 26, 6),
	(10, 27, 7),
	(10, 28, 8),
	(10, 29, 9),
	(10, 30, 10),
	(10, 31, 11),
	(10, 32, 12),
	(10, 33, 13),
	(10, 34, 14),
	(10, 35, 15),
	(10, 36, 16),
	(10, 106, 1),
	(10, 107, 2),
	(10, 108, 3),
	(10, 109, 4),
	(10, 296, 17),
	(11, 25, 11),
	(11, 26, 12),
	(11, 27, 13),
	(11, 28, 14),
	(11, 29, 15),
	(11, 30, 16),
	(11, 31, 17),
	(11, 32, 18),
	(11, 33, 19),
	(11, 34, 20),
	(11, 35, 21),
	(11, 36, 22),
	(11, 110, 1),
	(11, 111, 2),
	(11, 112, 3),
	(11, 113, 4),
	(11, 114, 5),
	(11, 115, 6),
	(11, 116, 7),
	(11, 117, 8),
	(11, 118, 9),
	(11, 119, 10),
	(11, 296, 23),
	(12, 25, 6),
	(12, 26, 7),
	(12, 27, 8),
	(12, 28, 9),
	(12, 29, 10),
	(12, 30, 11),
	(12, 31, 12),
	(12, 32, 13),
	(12, 33, 14),
	(12, 34, 15),
	(12, 35, 16),
	(12, 36, 17),
	(12, 110, 1),
	(12, 122, 2),
	(12, 123, 3),
	(12, 124, 4),
	(12, 125, 5),
	(12, 296, 18),
	(13, 25, 5),
	(13, 26, 6),
	(13, 27, 7),
	(13, 28, 8),
	(13, 29, 9),
	(13, 30, 10),
	(13, 31, 11),
	(13, 32, 12),
	(13, 33, 13),
	(13, 34, 14),
	(13, 35, 15),
	(13, 36, 16),
	(13, 106, 1),
	(13, 127, 2),
	(13, 128, 3),
	(13, 129, 4),
	(13, 296, 17),
	(14, 2, 3),
	(14, 25, 8),
	(14, 26, 9),
	(14, 27, 10),
	(14, 28, 11),
	(14, 29, 12),
	(14, 30, 13),
	(14, 31, 14),
	(14, 32, 15),
	(14, 33, 16),
	(14, 34, 17),
	(14, 35, 18),
	(14, 36, 19),
	(14, 119, 4),
	(14, 130, 1),
	(14, 131, 2),
	(14, 134, 5),
	(14, 135, 6),
	(14, 136, 7),
	(14, 296, 20),
	(15, 25, 6),
	(15, 26, 7),
	(15, 27, 8),
	(15, 28, 9),
	(15, 29, 10),
	(15, 30, 11),
	(15, 31, 12),
	(15, 32, 13),
	(15, 33, 14),
	(15, 34, 15),
	(15, 35, 16),
	(15, 36, 17),
	(15, 130, 1),
	(15, 138, 2),
	(15, 139, 3),
	(15, 140, 4),
	(15, 141, 5),
	(15, 296, 18),
	(16, 25, 9),
	(16, 26, 10),
	(16, 27, 11),
	(16, 28, 12),
	(16, 29, 13),
	(16, 30, 14),
	(16, 31, 15),
	(16, 32, 16),
	(16, 33, 17),
	(16, 34, 18),
	(16, 35, 19),
	(16, 36, 20),
	(16, 106, 1),
	(16, 142, 2),
	(16, 143, 3),
	(16, 144, 4),
	(16, 145, 5),
	(16, 146, 6),
	(16, 296, 21),
	(16, 313, 7),
	(16, 314, 8),
	(17, 25, 5),
	(17, 26, 6),
	(17, 27, 7),
	(17, 28, 8),
	(17, 29, 9),
	(17, 30, 10),
	(17, 31, 11),
	(17, 32, 12),
	(17, 33, 13),
	(17, 34, 14),
	(17, 35, 15),
	(17, 36, 16),
	(17, 110, 1),
	(17, 147, 2),
	(17, 148, 3),
	(17, 149, 4),
	(17, 296, 17),
	(18, 25, 8),
	(18, 26, 9),
	(18, 27, 10),
	(18, 28, 11),
	(18, 29, 12),
	(18, 30, 13),
	(18, 31, 14),
	(18, 32, 15),
	(18, 33, 16),
	(18, 34, 17),
	(18, 35, 18),
	(18, 36, 19),
	(18, 110, 1),
	(18, 150, 2),
	(18, 151, 3),
	(18, 152, 4),
	(18, 153, 5),
	(18, 154, 6),
	(18, 155, 7),
	(18, 296, 20),
	(19, 25, 5),
	(19, 26, 6),
	(19, 27, 7),
	(19, 28, 8),
	(19, 29, 9),
	(19, 30, 10),
	(19, 31, 11),
	(19, 32, 12),
	(19, 33, 13),
	(19, 34, 14),
	(19, 35, 15),
	(19, 36, 16),
	(19, 106, 1),
	(19, 156, 2),
	(19, 157, 3),
	(19, 158, 4),
	(19, 296, 17),
	(20, 25, 5),
	(20, 26, 6),
	(20, 27, 7),
	(20, 28, 8),
	(20, 29, 9),
	(20, 30, 10),
	(20, 31, 11),
	(20, 32, 12),
	(20, 33, 13),
	(20, 34, 14),
	(20, 35, 15),
	(20, 36, 16),
	(20, 106, 1),
	(20, 160, 2),
	(20, 161, 3),
	(20, 162, 4),
	(20, 296, 17),
	(21, 25, 4),
	(21, 26, 5),
	(21, 27, 6),
	(21, 28, 7),
	(21, 29, 8),
	(21, 30, 9),
	(21, 31, 10),
	(21, 32, 11),
	(21, 33, 12),
	(21, 34, 13),
	(21, 35, 14),
	(21, 36, 15),
	(21, 110, 1),
	(21, 163, 2),
	(21, 164, 3),
	(21, 296, 16),
	(22, 2, 3),
	(22, 14, 4),
	(22, 15, 5),
	(22, 25, 12),
	(22, 26, 13),
	(22, 27, 14),
	(22, 28, 15),
	(22, 29, 16),
	(22, 30, 17),
	(22, 31, 18),
	(22, 32, 19),
	(22, 33, 20),
	(22, 34, 21),
	(22, 35, 22),
	(22, 36, 23),
	(22, 110, 1),
	(22, 165, 2),
	(22, 169, 6),
	(22, 170, 7),
	(22, 171, 8),
	(22, 172, 9),
	(22, 173, 10),
	(22, 174, 11),
	(22, 296, 24),
	(23, 25, 4),
	(23, 26, 5),
	(23, 27, 6),
	(23, 28, 7),
	(23, 29, 8),
	(23, 30, 9),
	(23, 31, 10),
	(23, 32, 11),
	(23, 33, 12),
	(23, 34, 13),
	(23, 35, 14),
	(23, 36, 15),
	(23, 106, 1),
	(23, 175, 2),
	(23, 176, 3),
	(23, 296, 16),
	(24, 25, 4),
	(24, 26, 5),
	(24, 27, 6),
	(24, 28, 7),
	(24, 29, 8),
	(24, 30, 9),
	(24, 31, 10),
	(24, 32, 11),
	(24, 33, 12),
	(24, 34, 13),
	(24, 35, 14),
	(24, 36, 15),
	(24, 106, 1),
	(24, 177, 2),
	(24, 178, 3),
	(24, 296, 16),
	(25, 25, 6),
	(25, 26, 7),
	(25, 27, 8),
	(25, 28, 9),
	(25, 29, 10),
	(25, 30, 11),
	(25, 31, 12),
	(25, 32, 13),
	(25, 33, 14),
	(25, 34, 15),
	(25, 35, 16),
	(25, 36, 17),
	(25, 110, 1),
	(25, 179, 2),
	(25, 180, 3),
	(25, 181, 4),
	(25, 182, 5),
	(25, 296, 18),
	(26, 25, 4),
	(26, 26, 5),
	(26, 27, 6),
	(26, 28, 7),
	(26, 29, 8),
	(26, 30, 9),
	(26, 31, 10),
	(26, 32, 11),
	(26, 33, 12),
	(26, 34, 13),
	(26, 35, 14),
	(26, 36, 15),
	(26, 110, 1),
	(26, 151, 3),
	(26, 183, 2),
	(26, 296, 16),
	(27, 25, 5),
	(27, 26, 6),
	(27, 27, 7),
	(27, 28, 8),
	(27, 29, 9),
	(27, 30, 10),
	(27, 31, 11),
	(27, 32, 12),
	(27, 33, 13),
	(27, 34, 14),
	(27, 35, 15),
	(27, 36, 16),
	(27, 110, 1),
	(27, 151, 3),
	(27, 184, 2),
	(27, 185, 4),
	(27, 296, 17),
	(28, 25, 4),
	(28, 26, 5),
	(28, 27, 6),
	(28, 28, 7),
	(28, 29, 8),
	(28, 30, 9),
	(28, 31, 10),
	(28, 32, 11),
	(28, 33, 12),
	(28, 34, 13),
	(28, 35, 14),
	(28, 36, 15),
	(28, 82, 1),
	(28, 186, 2),
	(28, 187, 3),
	(28, 296, 16),
	(29, 25, 5),
	(29, 26, 6),
	(29, 27, 7),
	(29, 28, 8),
	(29, 29, 9),
	(29, 30, 10),
	(29, 31, 11),
	(29, 32, 12),
	(29, 33, 13),
	(29, 34, 14),
	(29, 35, 15),
	(29, 36, 16),
	(29, 188, 2),
	(29, 189, 3),
	(29, 190, 4),
	(29, 191, 1),
	(29, 296, 17),
	(30, 25, 5),
	(30, 26, 6),
	(30, 27, 7),
	(30, 28, 8),
	(30, 29, 9),
	(30, 30, 10),
	(30, 31, 11),
	(30, 32, 12),
	(30, 33, 13),
	(30, 34, 14),
	(30, 35, 15),
	(30, 36, 16),
	(30, 191, 1),
	(30, 192, 2),
	(30, 193, 3),
	(30, 194, 4),
	(30, 296, 17),
	(31, 25, 5),
	(31, 26, 6),
	(31, 27, 7),
	(31, 28, 8),
	(31, 29, 9),
	(31, 30, 10),
	(31, 31, 11),
	(31, 32, 12),
	(31, 33, 13),
	(31, 34, 14),
	(31, 35, 15),
	(31, 36, 16),
	(31, 191, 1),
	(31, 195, 2),
	(31, 196, 3),
	(31, 197, 4),
	(31, 296, 17),
	(32, 25, 3),
	(32, 26, 4),
	(32, 27, 5),
	(32, 28, 6),
	(32, 29, 7),
	(32, 30, 8),
	(32, 31, 9),
	(32, 32, 10),
	(32, 33, 11),
	(32, 34, 12),
	(32, 35, 13),
	(32, 36, 14),
	(32, 198, 2),
	(32, 199, 1),
	(32, 296, 15),
	(33, 25, 4),
	(33, 26, 5),
	(33, 27, 6),
	(33, 28, 7),
	(33, 29, 8),
	(33, 30, 9),
	(33, 31, 10),
	(33, 32, 11),
	(33, 33, 12),
	(33, 34, 13),
	(33, 35, 14),
	(33, 36, 15),
	(33, 199, 1),
	(33, 200, 2),
	(33, 201, 3),
	(33, 296, 16),
	(34, 25, 4),
	(34, 26, 5),
	(34, 27, 6),
	(34, 28, 7),
	(34, 29, 8),
	(34, 30, 9),
	(34, 31, 10),
	(34, 32, 11),
	(34, 33, 12),
	(34, 34, 13),
	(34, 35, 14),
	(34, 36, 15),
	(34, 191, 1),
	(34, 202, 2),
	(34, 203, 3),
	(34, 296, 16),
	(35, 25, 5),
	(35, 26, 6),
	(35, 27, 7),
	(35, 28, 8),
	(35, 29, 9),
	(35, 30, 10),
	(35, 31, 11),
	(35, 32, 12),
	(35, 33, 13),
	(35, 34, 14),
	(35, 35, 15),
	(35, 36, 16),
	(35, 204, 1),
	(35, 205, 2),
	(35, 206, 3),
	(35, 207, 4),
	(35, 296, 17),
	(36, 25, 7),
	(36, 26, 8),
	(36, 27, 9),
	(36, 28, 10),
	(36, 29, 11),
	(36, 30, 12),
	(36, 31, 13),
	(36, 32, 14),
	(36, 33, 15),
	(36, 34, 16),
	(36, 35, 17),
	(36, 36, 18),
	(36, 196, 4),
	(36, 208, 1),
	(36, 209, 2),
	(36, 210, 3),
	(36, 212, 5),
	(36, 213, 6),
	(36, 296, 19),
	(37, 25, 16),
	(37, 26, 17),
	(37, 27, 18),
	(37, 28, 19),
	(37, 29, 20),
	(37, 30, 21),
	(37, 31, 22),
	(37, 32, 23),
	(37, 33, 24),
	(37, 34, 25),
	(37, 35, 26),
	(37, 36, 27),
	(37, 191, 1),
	(37, 214, 2),
	(37, 215, 3),
	(37, 216, 4),
	(37, 217, 5),
	(37, 218, 6),
	(37, 219, 7),
	(37, 220, 8),
	(37, 221, 9),
	(37, 222, 10),
	(37, 223, 11),
	(37, 224, 12),
	(37, 225, 13),
	(37, 226, 14),
	(37, 227, 15),
	(37, 296, 28),
	(38, 25, 14),
	(38, 26, 15),
	(38, 27, 16),
	(38, 28, 17),
	(38, 29, 18),
	(38, 30, 19),
	(38, 31, 20),
	(38, 32, 21),
	(38, 33, 22),
	(38, 34, 23),
	(38, 35, 24),
	(38, 36, 25),
	(38, 191, 1),
	(38, 214, 2),
	(38, 228, 3),
	(38, 229, 4),
	(38, 230, 5),
	(38, 231, 6),
	(38, 232, 7),
	(38, 233, 8),
	(38, 234, 9),
	(38, 235, 10),
	(38, 236, 11),
	(38, 237, 12),
	(38, 238, 13),
	(38, 296, 26),
	(39, 25, 11),
	(39, 26, 12),
	(39, 27, 13),
	(39, 28, 14),
	(39, 29, 15),
	(39, 30, 16),
	(39, 31, 17),
	(39, 32, 18),
	(39, 33, 19),
	(39, 34, 20),
	(39, 35, 21),
	(39, 36, 22),
	(39, 191, 1),
	(39, 214, 2),
	(39, 239, 3),
	(39, 240, 4),
	(39, 241, 5),
	(39, 242, 6),
	(39, 243, 7),
	(39, 244, 8),
	(39, 245, 9),
	(39, 246, 10),
	(39, 296, 23),
	(40, 25, 3),
	(40, 26, 4),
	(40, 27, 5),
	(40, 28, 6),
	(40, 29, 7),
	(40, 30, 8),
	(40, 31, 9),
	(40, 32, 10),
	(40, 33, 11),
	(40, 34, 12),
	(40, 35, 13),
	(40, 36, 14),
	(40, 199, 1),
	(40, 247, 2),
	(40, 296, 15),
	(41, 25, 3),
	(41, 26, 4),
	(41, 27, 5),
	(41, 28, 6),
	(41, 29, 7),
	(41, 30, 8),
	(41, 31, 9),
	(41, 32, 10),
	(41, 33, 11),
	(41, 34, 12),
	(41, 35, 13),
	(41, 36, 14),
	(41, 199, 1),
	(41, 248, 2),
	(41, 296, 15),
	(42, 25, 4),
	(42, 26, 5),
	(42, 27, 6),
	(42, 28, 7),
	(42, 29, 8),
	(42, 30, 9),
	(42, 31, 10),
	(42, 32, 11),
	(42, 33, 12),
	(42, 34, 13),
	(42, 35, 14),
	(42, 36, 15),
	(42, 249, 1),
	(42, 250, 2),
	(42, 251, 3),
	(42, 296, 16),
	(43, 25, 4),
	(43, 26, 5),
	(43, 27, 6),
	(43, 28, 7),
	(43, 29, 8),
	(43, 30, 9),
	(43, 31, 10),
	(43, 32, 11),
	(43, 33, 12),
	(43, 34, 13),
	(43, 35, 14),
	(43, 36, 15),
	(43, 252, 1),
	(43, 253, 2),
	(43, 254, 3),
	(43, 296, 16),
	(44, 2, 3),
	(44, 25, 9),
	(44, 26, 10),
	(44, 27, 11),
	(44, 28, 12),
	(44, 29, 13),
	(44, 30, 14),
	(44, 31, 15),
	(44, 32, 16),
	(44, 33, 17),
	(44, 34, 18),
	(44, 35, 19),
	(44, 36, 20),
	(44, 191, 1),
	(44, 255, 2),
	(44, 256, 4),
	(44, 257, 5),
	(44, 258, 6),
	(44, 259, 7),
	(44, 260, 8),
	(44, 296, 21),
	(45, 25, 8),
	(45, 26, 9),
	(45, 27, 10),
	(45, 28, 11),
	(45, 29, 12),
	(45, 30, 13),
	(45, 31, 14),
	(45, 32, 15),
	(45, 33, 16),
	(45, 34, 17),
	(45, 35, 18),
	(45, 36, 19),
	(45, 110, 1),
	(45, 261, 2),
	(45, 262, 3),
	(45, 263, 4),
	(45, 264, 5),
	(45, 265, 6),
	(45, 266, 7),
	(45, 296, 20),
	(46, 25, 8),
	(46, 26, 9),
	(46, 27, 10),
	(46, 28, 11),
	(46, 29, 12),
	(46, 30, 13),
	(46, 31, 14),
	(46, 32, 15),
	(46, 33, 16),
	(46, 34, 17),
	(46, 35, 18),
	(46, 36, 19),
	(46, 110, 1),
	(46, 267, 2),
	(46, 268, 3),
	(46, 269, 4),
	(46, 270, 5),
	(46, 271, 6),
	(46, 272, 7),
	(46, 296, 20),
	(47, 25, 4),
	(47, 26, 5),
	(47, 27, 6),
	(47, 28, 7),
	(47, 29, 8),
	(47, 30, 9),
	(47, 31, 10),
	(47, 32, 11),
	(47, 33, 12),
	(47, 34, 13),
	(47, 35, 14),
	(47, 36, 15),
	(47, 199, 1),
	(47, 201, 3),
	(47, 273, 2),
	(47, 296, 16),
	(48, 25, 7),
	(48, 26, 8),
	(48, 27, 9),
	(48, 28, 10),
	(48, 29, 11),
	(48, 30, 12),
	(48, 31, 13),
	(48, 32, 14),
	(48, 33, 15),
	(48, 34, 16),
	(48, 35, 17),
	(48, 36, 18),
	(48, 110, 1),
	(48, 275, 2),
	(48, 276, 3),
	(48, 277, 4),
	(48, 278, 5),
	(48, 279, 6),
	(48, 296, 19),
	(49, 25, 3),
	(49, 26, 4),
	(49, 27, 5),
	(49, 28, 6),
	(49, 29, 7),
	(49, 30, 8),
	(49, 31, 9),
	(49, 32, 10),
	(49, 33, 11),
	(49, 34, 12),
	(49, 35, 13),
	(49, 36, 14),
	(49, 199, 1),
	(49, 280, 2),
	(49, 296, 15),
	(50, 25, 3),
	(50, 26, 4),
	(50, 27, 5),
	(50, 28, 6),
	(50, 29, 7),
	(50, 30, 8),
	(50, 31, 9),
	(50, 32, 10),
	(50, 33, 11),
	(50, 34, 12),
	(50, 35, 13),
	(50, 36, 14),
	(50, 281, 1),
	(50, 282, 2),
	(50, 296, 15),
	(51, 25, 10),
	(51, 26, 11),
	(51, 27, 12),
	(51, 28, 13),
	(51, 29, 14),
	(51, 30, 15),
	(51, 31, 16),
	(51, 32, 17),
	(51, 33, 18),
	(51, 34, 19),
	(51, 35, 20),
	(51, 36, 21),
	(51, 130, 1),
	(51, 283, 2),
	(51, 284, 3),
	(51, 285, 4),
	(51, 286, 5),
	(51, 287, 6),
	(51, 288, 7),
	(51, 289, 8),
	(51, 290, 9),
	(51, 296, 22),
	(52, 25, 4),
	(52, 26, 5),
	(52, 27, 6),
	(52, 28, 7),
	(52, 29, 8),
	(52, 30, 9),
	(52, 31, 10),
	(52, 32, 11),
	(52, 33, 12),
	(52, 34, 13),
	(52, 35, 14),
	(52, 36, 15),
	(52, 110, 1),
	(52, 291, 2),
	(52, 292, 3),
	(52, 296, 16),
	(53, 25, 5),
	(53, 26, 6),
	(53, 27, 7),
	(53, 28, 8),
	(53, 29, 9),
	(53, 30, 10),
	(53, 31, 11),
	(53, 32, 12),
	(53, 33, 13),
	(53, 34, 14),
	(53, 35, 15),
	(53, 36, 16),
	(53, 191, 1),
	(53, 293, 2),
	(53, 294, 3),
	(53, 295, 4),
	(53, 296, 17),
	(54, 25, 7),
	(54, 26, 8),
	(54, 27, 9),
	(54, 28, 10),
	(54, 29, 11),
	(54, 30, 12),
	(54, 31, 13),
	(54, 32, 14),
	(54, 33, 15),
	(54, 34, 16),
	(54, 35, 17),
	(54, 36, 18),
	(54, 296, 19),
	(54, 297, 1),
	(54, 298, 2),
	(54, 299, 3),
	(54, 300, 4),
	(54, 301, 5),
	(54, 302, 6),
	(55, 25, 12),
	(55, 26, 13),
	(55, 27, 14),
	(55, 28, 15),
	(55, 29, 16),
	(55, 30, 17),
	(55, 31, 18),
	(55, 32, 19),
	(55, 33, 20),
	(55, 34, 21),
	(55, 35, 22),
	(55, 36, 23),
	(55, 110, 1),
	(55, 296, 24),
	(55, 303, 2),
	(55, 304, 3),
	(55, 305, 4),
	(55, 306, 5),
	(55, 307, 6),
	(55, 308, 7),
	(55, 309, 8),
	(55, 310, 9),
	(55, 311, 10),
	(55, 312, 11),
	(56, 25, 5),
	(56, 26, 6),
	(56, 27, 7),
	(56, 28, 8),
	(56, 29, 9),
	(56, 30, 10),
	(56, 31, 11),
	(56, 32, 12),
	(56, 33, 13),
	(56, 34, 14),
	(56, 35, 15),
	(56, 36, 16),
	(56, 148, 4),
	(56, 296, 17),
	(56, 315, 1),
	(56, 316, 2),
	(56, 317, 3),
	(57, 25, 8),
	(57, 26, 9),
	(57, 27, 10),
	(57, 28, 11),
	(57, 29, 12),
	(57, 30, 13),
	(57, 31, 14),
	(57, 32, 15),
	(57, 33, 16),
	(57, 34, 17),
	(57, 35, 18),
	(57, 36, 19),
	(57, 100, 2),
	(57, 101, 3),
	(57, 102, 4),
	(57, 103, 5),
	(57, 104, 6),
	(57, 296, 20),
	(57, 318, 1),
	(57, 319, 7),
	(58, 25, 5),
	(58, 26, 6),
	(58, 27, 7),
	(58, 28, 8),
	(58, 29, 9),
	(58, 30, 10),
	(58, 31, 11),
	(58, 32, 12),
	(58, 33, 13),
	(58, 34, 14),
	(58, 35, 15),
	(58, 36, 16),
	(58, 282, 2),
	(58, 296, 17),
	(58, 320, 3),
	(58, 321, 4),
	(58, 322, 1);
/*!40000 ALTER TABLE `tablaimport_columnaimport` ENABLE KEYS */;


-- Volcando estructura para tabla venpro.tienda
DROP TABLE IF EXISTS `tienda`;
CREATE TABLE IF NOT EXISTS `tienda` (
  `codtienda` int(11) NOT NULL,
  `nomtienda` varchar(100) COLLATE utf8_spanish_ci DEFAULT NULL,
  `servidor` varchar(100) COLLATE utf8_spanish_ci DEFAULT NULL,
  `ruta` varchar(200) COLLATE utf8_spanish_ci DEFAULT NULL,
  `usuario` varchar(100) COLLATE utf8_spanish_ci DEFAULT NULL,
  `password` varchar(100) COLLATE utf8_spanish_ci DEFAULT NULL,
  `estado` bit(1) DEFAULT NULL,
  PRIMARY KEY (`codtienda`),
  UNIQUE KEY `codtienda` (`codtienda`)
) ENGINE=InnoDB DEFAULT CHARSET=utf8 COLLATE=utf8_spanish_ci;

-- Volcando datos para la tabla venpro.tienda: ~4 rows (aproximadamente)
/*!40000 ALTER TABLE `tienda` DISABLE KEYS */;
INSERT INTO `tienda` (`codtienda`, `nomtienda`, `servidor`, `ruta`, `usuario`, `password`, `estado`) VALUES
	(103, 'Mega Plaza', 'localhost', 't=/103/pcmaster/|f=0=yyyyMMdd|', 'anonymous', NULL, b'0'),
	(104, 'Las Begonias', 'localhost', 't=/104/pcmaster/|f=0=yyyyMMdd|', 'anonymous', NULL, b'1'),
	(107, 'Atocongo', 'localhost', 't=/107/pcmaster/|f=0=yyyyMMdd|', 'anonymous', NULL, b'1'),
	(123, 'Angamos', 'localhost', 't=/123/pcmaster/|f=0=yyyyMMdd|', 'anonymous', NULL, b'1'),
	(1041, 'las Begonias 2', 'localhost', 't=/1041/pcmaster/|f=0=yyyyMMdd|', 'anonymous', 'anonymous', b'1');
/*!40000 ALTER TABLE `tienda` ENABLE KEYS */;


-- Volcando estructura para tabla venpro.tipoconexion
DROP TABLE IF EXISTS `tipoconexion`;
CREATE TABLE IF NOT EXISTS `tipoconexion` (
  `codtipoconexion` int(11) NOT NULL,
  `nomtipoconexion` varchar(50) COLLATE utf8_spanish_ci NOT NULL,
  PRIMARY KEY (`codtipoconexion`),
  UNIQUE KEY `nomtipoconexion` (`nomtipoconexion`)
) ENGINE=InnoDB DEFAULT CHARSET=utf8 COLLATE=utf8_spanish_ci;

-- Volcando datos para la tabla venpro.tipoconexion: ~4 rows (aproximadamente)
/*!40000 ALTER TABLE `tipoconexion` DISABLE KEYS */;
INSERT INTO `tipoconexion` (`codtipoconexion`, `nomtipoconexion`) VALUES
	(3, 'ACCESS'),
	(1, 'MYSQL'),
	(4, 'OTROS'),
	(2, 'SQL');
/*!40000 ALTER TABLE `tipoconexion` ENABLE KEYS */;


-- Volcando estructura para tabla venpro.validacion
DROP TABLE IF EXISTS `validacion`;
CREATE TABLE IF NOT EXISTS `validacion` (
  `codtienda` int(11) DEFAULT NULL,
  `horaenvio` time DEFAULT NULL
) ENGINE=InnoDB DEFAULT CHARSET=utf8 COLLATE=utf8_spanish_ci;

-- Volcando datos para la tabla venpro.validacion: ~0 rows (aproximadamente)
/*!40000 ALTER TABLE `validacion` DISABLE KEYS */;
/*!40000 ALTER TABLE `validacion` ENABLE KEYS */;


-- Volcando estructura para tabla venpro.validacionxml
DROP TABLE IF EXISTS `validacionxml`;
CREATE TABLE IF NOT EXISTS `validacionxml` (
  `fecharegistro` date NOT NULL,
  `ruta` varchar(500) COLLATE utf8_spanish_ci NOT NULL,
  `archivo` varchar(300) COLLATE utf8_spanish_ci NOT NULL,
  `tag1` varchar(250) COLLATE utf8_spanish_ci NOT NULL,
  `tag2` varchar(250) COLLATE utf8_spanish_ci DEFAULT NULL,
  `tag3` varchar(250) COLLATE utf8_spanish_ci DEFAULT NULL,
  `tag4` varchar(250) COLLATE utf8_spanish_ci DEFAULT NULL
) ENGINE=InnoDB DEFAULT CHARSET=utf8 COLLATE=utf8_spanish_ci;

-- Volcando datos para la tabla venpro.validacionxml: ~0 rows (aproximadamente)
/*!40000 ALTER TABLE `validacionxml` DISABLE KEYS */;
/*!40000 ALTER TABLE `validacionxml` ENABLE KEYS */;
/*!40101 SET SQL_MODE=IFNULL(@OLD_SQL_MODE, '') */;
/*!40014 SET FOREIGN_KEY_CHECKS=IF(@OLD_FOREIGN_KEY_CHECKS IS NULL, 1, @OLD_FOREIGN_KEY_CHECKS) */;
/*!40101 SET CHARACTER_SET_CLIENT=@OLD_CHARACTER_SET_CLIENT */;
